,pod_name,creation_time
test-pod-0,1753289034.5494096
test-pod-1,1753289034.5705914
test-pod-2,1753289034.5937448
test-pod-3,1753289034.6142044
test-pod-4,1753289034.6308525
test-pod-5,1753289034.641774
test-pod-6,1753289034.654862
test-pod-7,1753289034.666038
test-pod-8,1753289034.6745145
test-pod-9,1753289034.6909256
test-pod-10,1753289034.7011752
test-pod-11,1753289034.7126305
test-pod-12,1753289034.726986
test-pod-13,1753289034.741549
test-pod-14,1753289034.7548327
test-pod-15,1753289034.7694378
test-pod-16,1753289034.7904794
test-pod-17,1753289034.802532
test-pod-18,1753289034.8164654
test-pod-19,1753289034.8305745
test-pod-20,1753289034.8473828
test-pod-21,1753289034.8596265
test-pod-22,1753289034.877439
test-pod-23,1753289034.8884182
test-pod-24,1753289034.89979
test-pod-25,1753289034.9104006
test-pod-26,1753289034.9199986
test-pod-27,1753289034.9364142
test-pod-28,1753289034.950289
test-pod-29,1753289034.9588416
test-pod-30,1753289034.9706328
test-pod-31,1753289034.9803264
test-pod-32,1753289034.993263
test-pod-33,1753289035.0028358
test-pod-34,1753289035.0151515
test-pod-35,1753289035.0253518
test-pod-36,1753289035.0361588
test-pod-37,1753289035.051917
test-pod-38,1753289035.0626676
test-pod-39,1753289035.0788321
test-pod-40,1753289035.0938845
test-pod-41,1753289035.1142876
test-pod-42,1753289035.1449852
test-pod-43,1753289035.157879
test-pod-44,1753289035.1684453
test-pod-45,1753289035.17772
test-pod-46,1753289035.19355
test-pod-47,1753289035.207429
test-pod-48,1753289035.2226124
test-pod-49,1753289035.2428534
test-pod-50,1753289035.257805
test-pod-51,1753289035.2722309
test-pod-52,1753289035.2854419
test-pod-53,1753289035.2955613
test-pod-54,1753289035.304262
test-pod-55,1753289035.319525
test-pod-56,1753289035.333979
test-pod-57,1753289035.353473
test-pod-58,1753289035.3650866
test-pod-59,1753289035.3773396
test-pod-60,1753289035.3903341
test-pod-61,1753289035.4038715
test-pod-62,1753289035.4134893
test-pod-63,1753289035.4205964
test-pod-64,1753289035.4341466
test-pod-65,1753289035.4448164
test-pod-66,1753289035.460783
test-pod-67,1753289035.4748976
test-pod-68,1753289035.4898949
test-pod-69,1753289035.5000165
test-pod-70,1753289035.5083656
test-pod-71,1753289035.523425
test-pod-72,1753289035.53956
test-pod-73,1753289035.5534878
test-pod-74,1753289035.573821
test-pod-75,1753289035.591807
test-pod-76,1753289035.6052423
test-pod-77,1753289035.6170194
test-pod-78,1753289035.6283472
test-pod-79,1753289035.6364443
test-pod-80,1753289035.6476607
test-pod-81,1753289035.6623201
test-pod-82,1753289035.6764452
test-pod-83,1753289035.6877337
test-pod-84,1753289035.7023149
test-pod-85,1753289035.7132657
test-pod-86,1753289035.7258823
test-pod-87,1753289035.743011
test-pod-88,1753289035.7561257
test-pod-89,1753289035.7703805
test-pod-90,1753289035.8070602
test-pod-91,1753289035.8195317
test-pod-92,1753289035.8324935
test-pod-93,1753289035.8445773
test-pod-94,1753289035.8538842
test-pod-95,1753289035.8637376
test-pod-96,1753289035.8799124
test-pod-97,1753289035.891402
test-pod-98,1753289035.911221
test-pod-99,1753289035.922057
test-pod-100,1753289035.941306
test-pod-101,1753289035.9538505
test-pod-102,1753289035.967792
test-pod-103,1753289035.9793444
test-pod-104,1753289035.992381
test-pod-105,1753289035.999564
test-pod-106,1753289036.0155103
test-pod-107,1753289036.0277648
test-pod-108,1753289036.038721
test-pod-109,1753289036.0515857
test-pod-110,1753289036.0628943
test-pod-111,1753289036.078059
test-pod-112,1753289036.0905998
test-pod-113,1753289036.1006699
test-pod-114,1753289036.1107304
test-pod-115,1753289036.123795
test-pod-116,1753289036.138075
test-pod-117,1753289036.1461406
test-pod-118,1753289036.1603465
test-pod-119,1753289036.1665967
test-pod-120,1753289036.1774707
test-pod-121,1753289036.190579
test-pod-122,1753289036.2047486
test-pod-123,1753289036.2141879
test-pod-124,1753289036.2341375
test-pod-125,1753289036.249314
test-pod-126,1753289036.261011
test-pod-127,1753289036.2746894
test-pod-128,1753289036.2861395
test-pod-129,1753289036.2960665
test-pod-130,1753289036.3074412
test-pod-131,1753289036.3155723
test-pod-132,1753289036.3265867
test-pod-133,1753289036.3363993
test-pod-134,1753289036.3613362
test-pod-135,1753289036.3719373
test-pod-136,1753289036.384847
test-pod-137,1753289036.3967235
test-pod-138,1753289036.4087994
test-pod-139,1753289036.416956
test-pod-140,1753289036.4293492
test-pod-141,1753289036.449548
test-pod-142,1753289036.4614017
test-pod-143,1753289036.4743311
test-pod-144,1753289036.4848402
test-pod-145,1753289036.49431
test-pod-146,1753289036.5063496
test-pod-147,1753289036.520383
test-pod-148,1753289036.530381
test-pod-149,1753289036.5395176
test-pod-150,1753289036.5517807
test-pod-151,1753289036.5699375
test-pod-152,1753289036.5849867
test-pod-153,1753289036.5923533
test-pod-154,1753289036.6042523
test-pod-155,1753289036.6170683
test-pod-156,1753289036.626042
test-pod-157,1753289036.6409004
test-pod-158,1753289036.6642368
test-pod-159,1753289036.6795967
test-pod-160,1753289036.700335
test-pod-161,1753289036.7251558
test-pod-162,1753289036.734184
test-pod-163,1753289036.7435403
test-pod-164,1753289036.7583284
test-pod-165,1753289036.773277
test-pod-166,1753289036.7928143
test-pod-167,1753289036.8007257
test-pod-168,1753289036.8113668
test-pod-169,1753289036.8247445
test-pod-170,1753289036.83409
test-pod-171,1753289036.8453736
test-pod-172,1753289036.8599713
test-pod-173,1753289036.876457
test-pod-174,1753289036.8891382
test-pod-175,1753289036.9029784
test-pod-176,1753289036.9137063
test-pod-177,1753289036.9213383
test-pod-178,1753289036.935844
test-pod-179,1753289036.9534953
test-pod-180,1753289036.9681108
test-pod-181,1753289036.9773395
test-pod-182,1753289036.9937954
test-pod-183,1753289037.0067027
test-pod-184,1753289037.0170112
test-pod-185,1753289037.0280087
test-pod-186,1753289037.0435638
test-pod-187,1753289037.0545247
test-pod-188,1753289037.0675101
test-pod-189,1753289037.0747824
test-pod-190,1753289037.0869272
test-pod-191,1753289037.0964286
test-pod-192,1753289037.1109245
test-pod-193,1753289037.11982
test-pod-194,1753289037.1294227
test-pod-195,1753289037.1419246
test-pod-196,1753289037.15275
test-pod-197,1753289037.1678305
test-pod-198,1753289037.1792827
test-pod-199,1753289037.1854525
