test-pod-0,1753288728.7032154
test-pod-1,1753288731.0169828
test-pod-2,1753288732.8711388
test-pod-0,1753288732.8936195
test-pod-3,1753288735.0899603
test-pod-1,1753288735.1148481
test-pod-2,1753288735.127871
test-pod-4,1753288737.6125414
test-pod-3,1753288737.6351395
test-pod-4,1753288737.6440043
test-pod-5,1753288739.4582446
test-pod-6,1753288741.8029509
test-pod-7,1753288744.13648
test-pod-5,1753288744.1545205
test-pod-8,1753288745.610667
test-pod-6,1753288745.6310437
test-pod-9,1753288747.2601721
test-pod-7,1753288747.2790809
test-pod-8,1753288747.306999
test-pod-10,1753288747.3179202
test-pod-11,1753288747.3298454
test-pod-10,1753288747.345367
test-pod-9,1753288747.359599
test-pod-12,1753288749.016184
test-pod-13,1753288749.0382516
test-pod-12,1753288749.0499156
test-pod-11,1753288749.0633845
test-pod-14,1753288749.0782917
test-pod-13,1753288749.097582
test-pod-15,1753288749.1102188
test-pod-16,1753288751.3535886
test-pod-17,1753288752.9905946
test-pod-15,1753288753.0031497
test-pod-14,1753288753.0189536
test-pod-18,1753288753.029424
test-pod-19,1753288753.0435152
test-pod-17,1753288753.0596852
test-pod-16,1753288753.0781353
test-pod-20,1753288753.091962
test-pod-19,1753288753.1092072
test-pod-18,1753288753.1295183
test-pod-21,1753288753.1396532
test-pod-22,1753288753.1543517
test-pod-20,1753288753.1726418
test-pod-23,1753288753.1837182
test-pod-22,1753288753.199577
test-pod-21,1753288753.2127125
test-pod-24,1753288753.2224395
test-pod-25,1753288753.232536
test-pod-23,1753288753.24235
test-pod-24,1753288753.2524388
test-pod-26,1753288753.2594125
test-pod-25,1753288753.2719223
test-pod-27,1753288753.2829692
test-pod-26,1753288753.2921355
test-pod-28,1753288755.2238054
test-pod-29,1753288755.245081
test-pod-27,1753288755.2627847
test-pod-30,1753288755.2815409
test-pod-28,1753288755.295744
test-pod-31,1753288756.7188165
test-pod-30,1753288756.7409747
test-pod-29,1753288756.7569175
test-pod-32,1753288756.765548
test-pod-33,1753288756.7826064
test-pod-31,1753288756.8012006
test-pod-34,1753288756.812054
test-pod-33,1753288756.8314457
test-pod-35,1753288756.8437648
test-pod-36,1753288756.8615983
test-pod-32,1753288756.877635
test-pod-35,1753288757.1124787
test-pod-37,1753288757.1267335
test-pod-34,1753288757.1470468
test-pod-38,1753288758.2846339
test-pod-36,1753288758.3073628
test-pod-39,1753288758.3199933
test-pod-37,1753288758.3422384
test-pod-40,1753288758.3587646
test-pod-38,1753288758.3721268
test-pod-41,1753288759.4680684
test-pod-42,1753288759.4896455
test-pod-40,1753288759.510378
test-pod-39,1753288759.5277996
test-pod-43,1753288759.5412273
test-pod-44,1753288759.5707908
test-pod-41,1753288759.5879242
test-pod-45,1753288759.6008523
test-pod-42,1753288759.6215339
test-pod-46,1753288759.6328444
test-pod-1,1753288759.650041
test-pod-45,1753288759.6661148
test-pod-44,1753288759.6795585
test-pod-47,1753288759.6905031
test-pod-0,1753288759.7112222
test-pod-3,1753288759.7274494
test-pod-43,1753288759.7458112
test-pod-48,1753288759.7620597
test-pod-4,1753288759.7804945
test-pod-49,1753288759.7917013
test-pod-46,1753288759.80968
test-pod-47,1753288759.821934
test-pod-50,1753288759.8330426
test-pod-51,1753288761.0188522
test-pod-48,1753288761.0324278
test-pod-52,1753288761.0446212
test-pod-53,1753288761.0620728
test-pod-51,1753288761.0835133
test-pod-54,1753288761.0994978
test-pod-55,1753288761.1135817
test-pod-49,1753288761.1259933
test-pod-54,1753288761.1353326
test-pod-2,1753288761.1449597
test-pod-56,1753288761.1545
test-pod-57,1753288761.167194
test-pod-55,1753288761.1803408
test-pod-50,1753288761.1915236
test-pod-58,1753288761.202622
test-pod-59,1753288761.2174659
test-pod-56,1753288761.2378292
test-pod-53,1753288761.2534323
test-pod-60,1753288761.2661169
test-pod-61,1753288761.2848523
test-pod-57,1753288761.300496
test-pod-6,1753288761.3185155
test-pod-62,1753288761.3361387
test-pod-63,1753288761.353824
test-pod-64,1753288761.370812
test-pod-60,1753288761.385484
test-pod-52,1753288761.4023328
test-pod-65,1753288761.4189913
test-pod-66,1753288761.4364424
test-pod-59,1753288761.452669
test-pod-67,1753288761.4702063
test-pod-63,1753288761.4868615
test-pod-61,1753288761.5054848
test-pod-68,1753288761.5173953
test-pod-7,1753288761.5382204
test-pod-58,1753288761.5530767
test-pod-69,1753288761.5668046
test-pod-70,1753288761.5853338
test-pod-66,1753288761.6008303
test-pod-62,1753288761.617582
test-pod-71,1753288761.631769
test-pod-65,1753288761.648957
test-pod-72,1753288761.659779
test-pod-73,1753288761.6754913
test-pod-71,1753288761.6923711
test-pod-74,1753288761.7070005
test-pod-75,1753288761.724343
test-pod-69,1753288761.740366
test-pod-64,1753288761.7545748
test-pod-76,1753288761.7670639
test-pod-77,1753288761.7842758
test-pod-70,1753288761.8053527
test-pod-68,1753288761.8268414
test-pod-78,1753288761.83768
test-pod-79,1753288761.8535666
test-pod-73,1753288761.8694837
test-pod-80,1753288761.879633
test-pod-72,1753288761.8958523
test-pod-11,1753288761.911916
test-pod-81,1753288761.9245932
test-pod-75,1753288761.9453895
test-pod-82,1753288761.9567933
test-pod-77,1753288761.9768968
test-pod-83,1753288761.9892194
test-pod-84,1753288762.0079432
test-pod-78,1753288762.0220797
test-pod-85,1753288762.2455235
test-pod-80,1753288762.2652688
test-pod-86,1753288762.2762237
test-pod-8,1753288762.293232
test-pod-9,1753288762.3090532
test-pod-87,1753288762.320561
test-pod-74,1753288762.337421
test-pod-88,1753288762.3533814
test-pod-67,1753288762.3708835
test-pod-89,1753288762.3818514
test-pod-10,1753288762.4005113
test-pod-84,1753288762.414988
test-pod-90,1753288762.4264922
test-pod-91,1753288762.441122
test-pod-76,1753288762.456039
test-pod-92,1753288762.472765
test-pod-93,1753288762.4921298
test-pod-94,1753288762.5095506
test-pod-95,1753288762.5312428
test-pod-81,1753288762.549965
test-pod-82,1753288762.5631733
test-pod-96,1753288762.5724835
test-pod-97,1753288762.5860918
test-pod-12,1753288762.6011465
test-pod-98,1753288762.6116762
test-pod-85,1753288762.629428
test-pod-99,1753288762.6393592
test-pod-13,1753288762.6550539
test-pod-83,1753288762.6678236
test-pod-100,1753288762.6802018
test-pod-86,1753288762.6998909
test-pod-101,1753288762.7117813
test-pod-87,1753288762.7268643
test-pod-102,1753288762.7417781
test-pod-79,1753288762.7584422
test-pod-91,1753288762.7772586
test-pod-103,1753288762.7915838
test-pod-104,1753288762.815353
test-pod-89,1753288762.8342404
test-pod-90,1753288762.8477194
test-pod-105,1753288762.8658075
test-pod-96,1753288762.8805804
test-pod-106,1753288762.8980236
test-pod-104,1753288762.9185524
test-pod-107,1753288762.9341755
test-pod-92,1753288762.9551194
test-pod-108,1753288762.9676588
test-pod-102,1753288762.9843216
test-pod-109,1753288763.002341
test-pod-17,1753288763.024441
test-pod-88,1753288763.042293
test-pod-110,1753288763.0549061
test-pod-111,1753288763.0732217
test-pod-15,1753288763.0897791
test-pod-99,1753288763.1105769
test-pod-112,1753288763.1267138
test-pod-113,1753288763.1382394
test-pod-94,1753288763.1542199
test-pod-101,1753288763.173057
test-pod-114,1753288763.1860616
test-pod-115,1753288763.2030127
test-pod-116,1753288763.2205012
test-pod-117,1753288763.2371252
test-pod-118,1753288763.254986
test-pod-119,1753288763.275111
test-pod-105,1753288763.2911365
test-pod-100,1753288763.3084204
test-pod-120,1753288763.319779
test-pod-14,1753288763.3405056
test-pod-121,1753288763.3518853
test-pod-122,1753288763.36903
test-pod-123,1753288763.3871367
test-pod-110,1753288763.4049547
test-pod-124,1753288763.421164
test-pod-125,1753288763.437455
test-pod-95,1753288763.449102
test-pod-126,1753288763.4598684
test-pod-93,1753288763.4717522
test-pod-127,1753288763.4856613
test-pod-128,1753288763.5078204
test-pod-129,1753288763.5192602
test-pod-98,1753288763.536412
test-pod-130,1753288763.5521774
test-pod-131,1753288763.573818
test-pod-132,1753288763.5865903
test-pod-19,1753288763.6090703
test-pod-97,1753288763.6240273
test-pod-133,1753288763.6343613
test-pod-134,1753288763.6458259
test-pod-135,1753288763.660084
test-pod-114,1753288763.6801353
test-pod-136,1753288763.6902373
test-pod-137,1753288763.7069464
test-pod-107,1753288763.724953
test-pod-119,1753288763.7448888
test-pod-138,1753288763.758147
test-pod-139,1753288763.7758775
test-pod-106,1753288763.7961452
test-pod-140,1753288763.8114457
test-pod-141,1753288763.8297756
test-pod-131,1753288763.8514302
test-pod-142,1753288763.8666568
test-pod-143,1753288763.882474
test-pod-144,1753288763.9001343
test-pod-116,1753288763.9186144
test-pod-145,1753288763.9357212
test-pod-146,1753288763.9545343
test-pod-147,1753288763.9740167
test-pod-130,1753288763.9933388
test-pod-148,1753288764.006325
test-pod-149,1753288764.021194
test-pod-150,1753288764.03711
test-pod-20,1753288764.054546
test-pod-151,1753288764.0659661
test-pod-152,1753288764.0817418
test-pod-153,1753288764.1005082
test-pod-154,1753288764.1197906
test-pod-155,1753288764.1443598
test-pod-156,1753288764.1642742
test-pod-125,1753288764.1813831
test-pod-27,1753288764.2017102
test-pod-157,1753288764.2149875
test-pod-158,1753288764.2327895
test-pod-159,1753288764.2515037
test-pod-160,1753288764.2682714
test-pod-108,1753288764.2862103
test-pod-161,1753288764.3075826
test-pod-16,1753288764.3288193
test-pod-162,1753288764.3406413
test-pod-163,1753288764.358082
test-pod-164,1753288764.3773663
test-pod-165,1753288764.3956401
test-pod-166,1753288764.4158874
test-pod-167,1753288764.4337983
test-pod-168,1753288764.4491274
test-pod-169,1753288764.461762
test-pod-24,1753288764.4752674
test-pod-18,1753288764.4977324
test-pod-170,1753288764.5126872
test-pod-171,1753288764.5300698
test-pod-172,1753288764.5474868
test-pod-22,1753288764.5650609
test-pod-173,1753288764.5839474
test-pod-174,1753288764.603608
test-pod-175,1753288764.6231031
test-pod-176,1753288764.6424482
test-pod-177,1753288764.6572478
test-pod-25,1753288764.6728058
test-pod-178,1753288764.6814597
test-pod-179,1753288764.6980667
test-pod-117,1753288764.715925
test-pod-180,1753288764.7263958
test-pod-181,1753288764.7435076
test-pod-182,1753288764.7585447
test-pod-183,1753288764.777051
test-pod-30,1753288764.7932792
test-pod-109,1753288764.8140764
test-pod-113,1753288764.8302429
test-pod-184,1753288764.8433175
test-pod-185,1753288764.8522694
test-pod-186,1753288764.866084
test-pod-187,1753288764.8809612
test-pod-188,1753288764.8913472
test-pod-189,1753288764.902
test-pod-112,1753288764.9129179
test-pod-21,1753288764.9317737
test-pod-190,1753288764.9424706
test-pod-191,1753288764.9592276
test-pod-192,1753288764.9748445
test-pod-127,1753288764.9964898
test-pod-144,1753288765.0111053
test-pod-193,1753288765.0248587
test-pod-194,1753288765.0364583
test-pod-195,1753288765.046967
test-pod-111,1753288765.0562615
test-pod-196,1753288765.067403
test-pod-128,1753288765.0839632
test-pod-197,1753288765.0950677
test-pod-103,1753288765.1078136
test-pod-198,1753288765.1191447
test-pod-199,1753288765.1365893
test-pod-193,1753288765.1494496
test-pod-135,1753288765.166537
test-pod-23,1753288765.184142
test-pod-152,1753288765.2022026
test-pod-36,1753288765.21889
test-pod-185,1753288765.2347476
test-pod-33,1753288765.2520528
test-pod-37,1753288765.2688515
test-pod-41,1753288765.2843876
test-pod-178,1753288765.3011863
test-pod-38,1753288765.3190506
test-pod-39,1753288765.3356862
test-pod-26,1753288765.3526616
test-pod-160,1753288765.3694243
test-pod-159,1753288765.3869524
test-pod-115,1753288765.407244
test-pod-173,1753288765.4187999
test-pod-180,1753288765.4357498
test-pod-147,1753288765.4507587
test-pod-42,1753288765.4638233
test-pod-176,1753288765.4775105
test-pod-157,1753288765.492025
test-pod-179,1753288765.5071356
test-pod-133,1753288765.522589
test-pod-50,1753288765.5383976
test-pod-46,1753288765.5536003
test-pod-122,1753288765.5656743
test-pod-44,1753288765.579901
test-pod-43,1753288765.5967033
test-pod-150,1753288765.611198
test-pod-28,1753288765.628067
test-pod-126,1753288765.6443944
test-pod-190,1753288765.660834
test-pod-31,1753288765.6794853
test-pod-29,1753288765.6959887
test-pod-169,1753288765.7124522
test-pod-134,1753288765.729565
test-pod-139,1753288765.7460923
test-pod-172,1753288765.7625828
test-pod-149,1753288765.778878
test-pod-141,1753288765.7956157
test-pod-124,1753288765.8125484
test-pod-163,1753288765.8292902
test-pod-168,1753288765.8478453
test-pod-143,1753288765.8635774
test-pod-137,1753288765.8753865
test-pod-186,1753288765.886016
test-pod-182,1753288765.8966737
test-pod-32,1753288765.9106498
test-pod-5,1753288765.9301817
test-pod-140,1753288765.9472246
test-pod-161,1753288765.9620945
test-pod-48,1753288765.9789116
test-pod-145,1753288765.9973605
test-pod-177,1753288766.014151
test-pod-34,1753288766.0316768
test-pod-166,1753288766.046444
test-pod-120,1753288766.0628257
test-pod-146,1753288766.0785835
test-pod-121,1753288766.0973566
test-pod-153,1753288766.1140435
test-pod-171,1753288766.1305974
