pod_name,creation_start,event_time,handle_time
test-pod-0,1753879091.7583463,1753879092.0437152,1753879094.7732277
test-pod-1,1753879091.7710528,1753879092.095517,1753879098.8119662
test-pod-2,1753879091.7881966,1753879092.061645,1753879096.9602485
test-pod-3,1753879091.8204236,1753879092.1355972,1753879096.797187
test-pod-4,1753879091.8374898,1753879092.1125195,1753879095.0576427
test-pod-5,1753879091.8548512,1753879092.1507869,1753879098.9263482
test-pod-6,1753879091.8752103,1753879092.107817,1753879094.6105623
test-pod-7,1753879091.8908782,1753879092.2335768,1753879096.6423862
test-pod-8,1753879091.9065485,1753879092.2366536,1753879097.884729
