test-pod-0,1753280376.353763
test-pod-1,1753280378.6277132
test-pod-2,1753280380.1774426
test-pod-0,1753280380.1990452
test-pod-3,1753280382.7076516
test-pod-2,1753280382.7302103
test-pod-1,1753280382.7433386
test-pod-4,1753280385.0167522
test-pod-5,1753280386.7405064
test-pod-3,1753280386.7578175
test-pod-4,1753280386.775601
test-pod-6,1753280388.8627067
test-pod-7,1753280392.2171476
test-pod-5,1753280392.237431
test-pod-6,1753280392.2597563
test-pod-8,1753280393.9804406
test-pod-9,1753280395.464381
test-pod-8,1753280395.4864333
test-pod-7,1753280395.5027084
test-pod-10,1753280395.5172784
test-pod-11,1753280397.3836944
test-pod-9,1753280397.4052384
test-pod-12,1753280397.4208539
test-pod-10,1753280397.4416423
test-pod-13,1753280399.440171
test-pod-12,1753280399.4583125
test-pod-11,1753280399.4750917
test-pod-14,1753280399.4879794
test-pod-15,1753280399.5041437
test-pod-13,1753280399.5184019
test-pod-14,1753280399.5306954
test-pod-16,1753280401.2649238
test-pod-15,1753280401.2835917
test-pod-17,1753280401.2977326
test-pod-16,1753280401.3197463
test-pod-18,1753280401.3331833
test-pod-19,1753280401.3502307
test-pod-17,1753280401.3647587
test-pod-18,1753280401.383747
test-pod-19,1753280401.4001791
test-pod-0,1753280401.4146714
test-pod-1,1753280401.429287
test-pod-2,1753280401.4453752
test-pod-4,1753280401.4592092
test-pod-3,1753280401.4750426
test-pod-5,1753280401.4873734
test-pod-7,1753280401.500234
test-pod-8,1753280401.5158894
test-pod-6,1753280401.5338974
test-pod-11,1753280401.5504663
test-pod-10,1753280401.567343
test-pod-16,1753280401.583165
test-pod-17,1753280401.6009183
test-pod-19,1753280401.6180577
test-pod-9,1753280401.6332622
test-pod-12,1753280401.6527195
test-pod-13,1753280401.6708832
test-pod-14,1753280401.6909304
test-pod-15,1753280401.7077358
test-pod-18,1753280401.7251701
test-pod-1,1753280401.7430909
test-pod-3,1753280401.76007
test-pod-5,1753280401.7786398
test-pod-0,1753280401.7941113
test-pod-7,1753280401.8124638
test-pod-2,1753280401.8287582
test-pod-4,1753280401.843964
test-pod-6,1753280401.8620696
test-pod-8,1753280401.880029
test-pod-9,1753280401.8979769
test-pod-10,1753280401.911703
test-pod-11,1753280401.9275062
test-pod-13,1753280401.9436693
test-pod-15,1753280401.9606562
test-pod-16,1753280401.9775689
test-pod-18,1753280401.9953685
test-pod-17,1753280402.0132856
test-pod-12,1753280402.0275292
test-pod-14,1753280402.044796
test-pod-19,1753280402.056645
test-pod-1,1753280406.6714773
test-pod-3,1753280407.2122116
test-pod-2,1753280407.2268507
test-pod-1,1753280407.695132
test-pod-0,1753280407.7156382
test-pod-5,1753280407.739158
test-pod-3,1753280408.219147
test-pod-7,1753280408.2369893
test-pod-4,1753280408.7117226
test-pod-0,1753280408.7274232
test-pod-6,1753280409.2331324
test-pod-2,1753280409.2487218
test-pod-5,1753280409.734073
test-pod-8,1753280409.752168
test-pod-9,1753280410.2478027
test-pod-15,1753280410.264214
test-pod-7,1753280410.277189
test-pod-10,1753280410.7362225
test-pod-4,1753280410.7545211
test-pod-11,1753280410.7678425
test-pod-6,1753280411.2548947
test-pod-13,1753280411.2708154
test-pod-9,1753280411.282847
test-pod-16,1753280411.7436717
test-pod-8,1753280411.761599
test-pod-10,1753280411.7846453
test-pod-15,1753280412.2792187
test-pod-18,1753280412.29357
test-pod-17,1753280412.770748
test-pod-19,1753280412.789244
test-pod-11,1753280412.8044424
test-pod-13,1753280413.2888317
test-pod-12,1753280413.3068347
