test-pod-0,1753347970.1269557,1753347973.5809858
test-pod-1,1753347973.6127126,1753347976.1469228
test-pod-2,1753347976.1655095,1753347977.5561213
test-pod-3,1753347977.6146178,1753347979.9664354
test-pod-4,1753347980.0078285,1753347982.1938555
test-pod-5,1753347982.2315574,1753347983.9066668
test-pod-6,1753347983.926842,1753347985.9369986
test-pod-7,1753347985.9691348,1753347988.6196125
test-pod-8,1753347988.6628735,1753347990.5379698
test-pod-9,1753347990.5692768,1753347992.2590342
test-pod-10,1753347992.2861342,1753347992.2862535
test-pod-11,1753347992.3014224,1753347993.7629406
test-pod-12,1753347993.8125734,1753347994.9298792
test-pod-13,1753347994.948947,1753347996.369659
test-pod-14,1753347996.3879852,1753347996.3880498
test-pod-15,1753347996.4069736,1753347996.4070404
test-pod-16,1753347996.4260314,1753347997.6561718
test-pod-17,1753347997.6894166,1753347997.6896102
test-pod-18,1753347997.7157447,1753347997.715882
test-pod-19,1753347997.7375646,1753347997.7376676
test-pod-20,1753347997.7489629,1753347997.749077
test-pod-21,1753347997.763345,1753347997.763584
test-pod-22,1753347997.790724,1753347997.7907968
test-pod-23,1753347997.815697,1753347997.815771
test-pod-24,1753347997.845837,1753347997.8459415
test-pod-25,1753347997.857616,1753347997.8577142
test-pod-26,1753347997.8816018,1753347997.8817003
test-pod-27,1753347997.91852,1753347997.9186237
test-pod-28,1753347997.941091,1753347999.490591
test-pod-29,1753347999.5252066,1753347999.525385
test-pod-30,1753347999.5357184,1753347999.5358627
test-pod-31,1753347999.567502,1753347999.567646
test-pod-32,1753347999.594149,1753347999.5942752
test-pod-33,1753347999.6037743,1753347999.603919
test-pod-34,1753347999.6305585,1753347999.630704
test-pod-35,1753347999.658581,1753348000.7998269
test-pod-36,1753348000.853789,1753348000.854022
test-pod-37,1753348000.8701994,1753348000.8704057
test-pod-38,1753348000.9087808,1753348000.908942
test-pod-39,1753348000.9347193,1753348000.9348552
test-pod-40,1753348000.9624252,1753348000.9625733
test-pod-41,1753348000.9929955,1753348000.9931154
test-pod-42,1753348001.0158992,1753348002.3502297
test-pod-43,1753348002.3694868,1753348002.3697338
test-pod-44,1753348002.3997726,1753348002.3999205
test-pod-45,1753348002.4161863,1753348002.416363
test-pod-46,1753348002.4599462,1753348002.4600792
test-pod-47,1753348002.485707,1753348002.4858205
test-pod-48,1753348002.4972494,1753348002.4974005
test-pod-49,1753348002.515209,1753348002.5154166
test-pod-50,1753348002.5308423,1753348002.530974
test-pod-51,1753348002.5726604,1753348002.5728087
test-pod-52,1753348002.5871048,1753348002.5872471
test-pod-53,1753348002.6243706,1753348002.6244893
test-pod-54,1753348002.6399024,1753348002.6400719
test-pod-55,1753348002.6535003,1753348002.6536295
test-pod-56,1753348002.6820173,1753348002.6821966
test-pod-57,1753348002.7112844,1753348002.7114418
test-pod-58,1753348002.7258267,1753348002.7259688
test-pod-59,1753348002.7487376,1753348002.7488341
test-pod-60,1753348002.7760816,1753348002.7762225
test-pod-61,1753348002.8222632,1753348002.8224332
test-pod-62,1753348002.8483326,1753348002.8484526
test-pod-63,1753348002.882861,1753348002.8830905
test-pod-64,1753348002.8921,1753348002.8922305
test-pod-65,1753348002.9159164,1753348002.916089
test-pod-66,1753348002.9450593,1753348002.9452415
test-pod-67,1753348002.9736257,1753348002.9737697
test-pod-68,1753348002.9961772,1753348004.3337178
test-pod-69,1753348004.3517087,1753348004.3519137
test-pod-70,1753348004.3791244,1753348004.3792572
test-pod-71,1753348004.4148915,1753348004.4151402
test-pod-72,1753348004.4505932,1753348004.4506848
test-pod-73,1753348004.462383,1753348004.4625452
test-pod-74,1753348004.4814925,1753348004.4815905
test-pod-75,1753348004.502253,1753348004.502373
test-pod-76,1753348004.5225663,1753348004.5226612
test-pod-77,1753348004.5336695,1753348004.5337703
test-pod-78,1753348004.5723896,1753348004.5724795
test-pod-79,1753348004.5819464,1753348004.5821888
test-pod-80,1753348004.5906448,1753348004.5907166
test-pod-81,1753348004.612931,1753348004.6129932
test-pod-82,1753348004.629635,1753348004.629705
test-pod-83,1753348004.6507654,1753348004.650879
test-pod-84,1753348004.6955478,1753348004.6958199
test-pod-85,1753348004.7118015,1753348004.711891
test-pod-86,1753348004.749758,1753348004.7498775
test-pod-87,1753348004.7618232,1753348004.7619524
test-pod-88,1753348004.7946608,1753348004.7948062
test-pod-89,1753348004.80547,1753348004.8056083
test-pod-90,1753348004.8492858,1753348004.8497252
test-pod-91,1753348004.8644834,1753348004.8646605
test-pod-92,1753348004.9119458,1753348004.9121265
test-pod-93,1753348004.9228535,1753348004.9229858
test-pod-94,1753348004.9380548,1753348004.9382546
test-pod-95,1753348004.9758227,1753348004.9759605
test-pod-96,1753348005.0026963,1753348005.0028465
test-pod-97,1753348005.036064,1753348005.0363379
test-pod-98,1753348005.0628855,1753348005.063017
test-pod-99,1753348005.0889292,1753348005.0890908
test-pod-100,1753348005.1116226,1753348005.1117477
test-pod-101,1753348005.1251707,1753348005.1254132
test-pod-102,1753348005.188952,1753348005.189105
test-pod-103,1753348005.2070174,1753348005.2072232
test-pod-104,1753348005.2374637,1753348005.2376683
test-pod-105,1753348005.2538557,1753348005.254054
test-pod-106,1753348005.2816617,1753348005.2818098
test-pod-107,1753348005.311897,1753348005.3121011
test-pod-108,1753348005.5691042,1753348005.5693731
test-pod-109,1753348005.6012373,1753348005.601465
test-pod-110,1753348005.623876,1753348005.6241705
test-pod-111,1753348005.6426575,1753348005.6428716
test-pod-112,1753348005.6688087,1753348005.668905
test-pod-113,1753348005.6780226,1753348005.6781256
test-pod-114,1753348005.6989515,1753348005.6990826
test-pod-115,1753348005.7149312,1753348005.7151394
test-pod-116,1753348005.731164,1753348005.7314355
test-pod-117,1753348005.7781746,1753348005.778469
test-pod-118,1753348005.7926383,1753348005.7928286
test-pod-119,1753348005.8092175,1753348005.8094752
test-pod-120,1753348005.8249035,1753348005.825089
test-pod-121,1753348005.840513,1753348005.8406851
test-pod-122,1753348005.8634152,1753348005.8635545
test-pod-123,1753348005.873179,1753348005.8733222
test-pod-124,1753348005.8942354,1753348005.894392
test-pod-125,1753348005.9150817,1753348005.9152095
test-pod-126,1753348005.941909,1753348005.9420416
test-pod-127,1753348005.9524329,1753348005.9525597
test-pod-128,1753348005.9766078,1753348005.9767485
test-pod-129,1753348005.9868338,1753348005.9869998
test-pod-130,1753348006.0092864,1753348006.009428
test-pod-131,1753348006.0177922,1753348006.0179021
test-pod-132,1753348006.0359466,1753348006.0360584
test-pod-133,1753348006.0651226,1753348006.0653698
test-pod-134,1753348006.0767064,1753348006.0769365
test-pod-135,1753348006.0962367,1753348006.0964139
test-pod-136,1753348006.1201136,1753348006.1202478
test-pod-137,1753348006.12864,1753348006.1287723
test-pod-138,1753348006.152482,1753348006.1526492
test-pod-139,1753348006.1692836,1753348006.169475
test-pod-140,1753348006.1855035,1753348006.1857142
test-pod-141,1753348006.2155466,1753348006.2158692
test-pod-142,1753348006.228679,1753348006.2288294
test-pod-143,1753348006.2496524,1753348006.249758
test-pod-144,1753348006.2637308,1753348006.2638476
test-pod-145,1753348006.2711549,1753348006.2712748
test-pod-146,1753348006.280709,1753348006.2808194
test-pod-147,1753348006.289059,1753348006.289158
test-pod-148,1753348006.309108,1753348006.3092358
test-pod-149,1753348006.3301582,1753348006.330255
test-pod-150,1753348006.3358037,1753348006.3358974
test-pod-151,1753348006.3437371,1753348006.3438344
test-pod-152,1753348006.3629377,1753348006.3630562
test-pod-153,1753348006.3737378,1753348006.3738856
test-pod-154,1753348006.398697,1753348006.3988848
test-pod-155,1753348006.4103317,1753348006.410512
test-pod-156,1753348006.4266992,1753348006.4269474
test-pod-157,1753348006.4610515,1753348006.4612086
test-pod-158,1753348006.4712586,1753348006.4714248
test-pod-159,1753348006.4830804,1753348006.4832227
test-pod-160,1753348006.4939704,1753348006.4941196
test-pod-161,1753348006.5269527,1753348006.5270936
test-pod-162,1753348006.5352538,1753348006.5354218
test-pod-163,1753348006.5469189,1753348006.547138
test-pod-164,1753348006.5702152,1753348006.570437
test-pod-165,1753348006.5934887,1753348006.5936372
test-pod-166,1753348006.60423,1753348006.6043851
test-pod-167,1753348006.6151638,1753348006.6152887
test-pod-168,1753348006.6250284,1753348006.625172
test-pod-169,1753348006.6352534,1753348006.6355045
test-pod-170,1753348006.6458273,1753348006.6459692
test-pod-171,1753348006.6565943,1753348006.6567533
test-pod-172,1753348006.6852455,1753348006.6855357
test-pod-173,1753348006.6977472,1753348006.698002
test-pod-174,1753348006.7221377,1753348006.722438
test-pod-175,1753348006.7391298,1753348006.7392874
test-pod-176,1753348006.748045,1753348006.7482023
test-pod-177,1753348006.7609708,1753348006.761154
test-pod-178,1753348006.7742844,1753348006.774533
test-pod-179,1753348006.8025675,1753348006.8027482
test-pod-180,1753348006.8179555,1753348006.8181634
test-pod-181,1753348006.8294923,1753348006.8296423
test-pod-182,1753348006.8411763,1753348006.8413625
test-pod-183,1753348006.8559198,1753348006.8560781
test-pod-184,1753348006.8653543,1753348006.8655295
test-pod-185,1753348006.8893929,1753348006.8895285
test-pod-186,1753348006.9002147,1753348006.9003944
test-pod-187,1753348006.9109902,1753348006.9111476
test-pod-188,1753348006.9211652,1753348006.921338
test-pod-189,1753348006.9317226,1753348006.9319293
test-pod-190,1753348006.9427078,1753348006.9428437
test-pod-191,1753348006.9527495,1753348006.9528978
test-pod-192,1753348006.9640067,1753348006.9641662
test-pod-193,1753348006.9773734,1753348006.9775045
test-pod-194,1753348006.9925187,1753348006.9927547
test-pod-195,1753348007.032864,1753348007.033115
test-pod-196,1753348007.0592837,1753348007.059446
test-pod-197,1753348007.0663466,1753348007.0664449
test-pod-198,1753348007.073857,1753348007.074024
test-pod-199,1753348007.088078,1753348007.088158
