test-pod-0,1753286533.3086326
test-pod-1,1753286534.9762104
test-pod-2,1753286536.8682811
test-pod-3,1753286538.6240497
test-pod-4,1753286540.461406
test-pod-5,1753286541.7689402
test-pod-6,1753286542.7189069
test-pod-7,1753286544.0843961
test-pod-8,1753286545.1618934
test-pod-9,1753286546.2764468
test-pod-10,1753286546.299099
test-pod-11,1753286547.36637
test-pod-12,1753286548.456004
test-pod-13,1753286548.469259
test-pod-14,1753286549.693122
test-pod-15,1753286549.72169
test-pod-16,1753286551.1717343
test-pod-17,1753286551.2100754
test-pod-18,1753286551.249201
test-pod-19,1753286551.2650788
test-pod-20,1753286551.283496
test-pod-21,1753286551.3341255
test-pod-22,1753286551.5941808
test-pod-23,1753286551.6118758
test-pod-24,1753286552.8271568
test-pod-25,1753286552.8813696
test-pod-26,1753286554.3400154
test-pod-27,1753286554.37432
test-pod-28,1753286555.8311417
test-pod-29,1753286555.8564408
test-pod-30,1753286555.8668084
test-pod-31,1753286557.2778683
test-pod-32,1753286557.2972438
test-pod-33,1753286557.3461623
test-pod-34,1753286557.380116
test-pod-35,1753286557.4147034
test-pod-36,1753286557.4478757
test-pod-37,1753286557.5027146
test-pod-38,1753286557.5334597
test-pod-39,1753286557.5676908
test-pod-40,1753286557.6013238
test-pod-41,1753286557.635666
test-pod-42,1753286557.683533
test-pod-43,1753286557.7016597
test-pod-44,1753286557.7720737
test-pod-45,1753286557.7918987
test-pod-46,1753286557.817244
test-pod-47,1753286557.8478484
test-pod-48,1753286557.875727
test-pod-49,1753286557.8903604
test-pod-50,1753286557.9221342
test-pod-51,1753286557.9671557
test-pod-52,1753286557.9849255
test-pod-53,1753286558.031595
test-pod-54,1753286558.0685174
test-pod-55,1753286558.117112
test-pod-56,1753286558.148123
test-pod-57,1753286558.1979463
test-pod-58,1753286558.2297702
test-pod-59,1753286558.279633
test-pod-60,1753286558.297417
test-pod-61,1753286558.3457663
test-pod-62,1753286558.3795085
test-pod-63,1753286558.3970983
test-pod-64,1753286558.4322872
test-pod-65,1753286558.448595
test-pod-66,1753286558.4980597
test-pod-67,1753286558.5160007
test-pod-68,1753286558.563515
test-pod-69,1753286558.581272
test-pod-70,1753286558.6308756
test-pod-71,1753286558.6451976
test-pod-72,1753286558.6959531
test-pod-73,1753286558.7435405
test-pod-74,1753286558.7869678
test-pod-75,1753286558.8048115
test-pod-76,1753286558.8500216
test-pod-77,1753286558.8677678
test-pod-78,1753286558.9219058
test-pod-79,1753286558.9338422
test-pod-80,1753286559.0256643
test-pod-81,1753286559.0427496
test-pod-82,1753286559.1084251
test-pod-83,1753286559.1384938
test-pod-84,1753286559.1552572
test-pod-85,1753286559.181529
test-pod-86,1753286559.2106864
test-pod-87,1753286559.2258115
test-pod-88,1753286559.2618597
test-pod-89,1753286559.296856
test-pod-90,1753286559.3285472
test-pod-91,1753286559.3728006
test-pod-92,1753286559.3833826
test-pod-93,1753286559.400596
test-pod-94,1753286559.4316905
test-pod-95,1753286559.455872
test-pod-96,1753286559.4816878
test-pod-97,1753286559.516364
test-pod-98,1753286559.5383444
