test-pod-0,1754062881.127811,1754062885.282776
test-pod-1,1754062885.3026292,1754062888.367012
test-pod-0,1754062888.3909416,1754062888.391013
test-pod-2,1754062888.4047782,1754062890.1416495
test-pod-1,1754062890.166515,1754062890.1666098
test-pod-3,1754062890.1790886,1754062893.1848564
test-pod-2,1754062893.207495,1754062893.2075882
test-pod-4,1754062893.219647,1754062895.7590837
test-pod-5,1754062895.7771695,1754062898.0164871
test-pod-3,1754062898.0357234,1754062898.0359027
test-pod-6,1754062898.0525436,1754062901.2353263
test-pod-4,1754062901.2551851,1754062901.2552717
test-pod-5,1754062901.2740288,1754062901.2740881
test-pod-7,1754062901.2873118,1754062904.2144475
test-pod-6,1754062904.2331839,1754062904.2332754
test-pod-8,1754062904.2502146,1754062906.7150533
test-pod-7,1754062906.7328014,1754062906.732902
test-pod-8,1754062906.7500634,1754062906.750166
test-pod-1,1754062906.768032,1754062906.7681086
test-pod-2,1754062906.782958,1754062906.7830348
test-pod-5,1754062906.7968113,1754062906.7968874
test-pod-7,1754062906.8122134,1754062906.8123393
test-pod-4,1754062906.8293817,1754062906.8294706
test-pod-3,1754062906.845969,1754062906.846056
test-pod-0,1754062906.8619554,1754062906.86203
test-pod-6,1754062906.8797066,1754062906.879801
test-pod-8,1754062906.8946593,1754062906.8947375
test-pod-4,1754062906.9110723,1754062906.9111526
test-pod-2,1754062906.9271266,1754062906.927208
test-pod-5,1754062906.9445565,1754062906.9446254
test-pod-1,1754062906.962947,1754062906.9630263
test-pod-0,1754062906.9796312,1754062906.9797075
test-pod-3,1754062906.9975896,1754062906.9976747
test-pod-7,1754062907.0156615,1754062907.0157316
test-pod-8,1754062907.0333588,1754062907.033443
test-pod-6,1754062907.0490563,1754062907.0491307
test-pod-4,1754062912.9153485,1754062912.9154618
test-pod-2,1754062913.0854447,1754062913.0855355
test-pod-5,1754062913.727258,1754062913.7273788
test-pod-1,1754062913.7502062,1754062913.7503738
test-pod-0,1754062913.9266968,1754062913.9267552
test-pod-4,1754062913.9399219,1754062913.9399714
test-pod-3,1754062914.0867705,1754062914.08693
test-pod-2,1754062914.101452,1754062914.1015053
test-pod-7,1754062914.7388022,1754062914.7388797
test-pod-5,1754062914.7606685,1754062914.7607687
test-pod-8,1754062914.9370408,1754062914.93713
test-pod-0,1754062914.955828,1754062914.955928
test-pod-3,1754062915.1017718,1754062915.1018484
test-pod-6,1754062915.1160672,1754062915.1161394
test-pod-1,1754062915.7337022,1754062915.7337437
test-pod-8,1754062915.9528887,1754062915.9529822
test-pod-6,1754062916.109216,1754062916.1093295
test-pod-7,1754062916.774496,1754062916.7746
